A,B,C
6.505578428871423,66.17212858161294,19.716078745062397
5.377777439299836,30.77622104916116,13.266301020055538
6.013127294080441,51.259340818816085,12.369112081489545
8.895367027746811,97.51574725071944,37.42253127235664
6.59562096695425,46.56542344759084,18.591030613328194
2.9628507750663013,9.851375719441457,4.84005462420601
4.528861087958292,24.555811664932477,7.029497230560622
2.867796027008395,10.624172541509234,3.911158455254333
6.2542632751458695,67.46775619902576,12.893553561141957
8.399872623037025,95.57013387925984,38.44765514210399
4.597669526760359,41.256493655979575,6.990398285590865
3.480412817134031,15.970675345274447,4.691989584246265
4.076916988691205,31.040047990954303,6.226455225397826
9.03402669869163,101.33148855763363,42.011304477764604
6.415048876799126,51.144592652071964,19.38823576827039
0.4013707139038869,0.2792789062772725,1.3844151148786186
3.6661658192657476,17.884834876369712,4.863872630779403
2.235436954778117,9.982008048703632,2.752989466849867
3.0563106976014778,11.362701928228574,4.706042594296939
4.1330413610836505,18.89382078634215,7.37395462452706
8.436946413795853,78.51455137246822,45.38539199994205
9.778190658023654,146.11773261913046,71.50808991476323
4.535847405048225,21.205667020989434,6.437895413884991
5.9658646717458,70.30819020956821,12.675617300666886
7.524886265956673,98.23073849883733,29.051196023546257
7.559346126252767,105.28426723151757,27.981157755959806
4.505998601173493,25.71949561221678,6.239619673356917
9.342884524167452,144.16063853061337,53.993051432245814
7.408755960202105,73.89123879723266,23.95402786537567
5.284557806669834,38.04397558931576,8.763745327239855
4.966768276038792,29.742974145105,10.509009180133493
6.849230637266022,56.72442672922826,17.046711686064842
4.311362729900087,19.451153848889287,6.455143699623098
1.4780835563582928,3.703210942788087,2.4888536231268557
4.385536422949878,22.233349955563202,7.869494496344972
2.6620803367994483,13.867167916341694,3.535958874602066
4.008132109215122,22.93646313148538,6.531377173692442
9.499384221167654,127.08899644878356,49.315032710958654
1.0327529437646432,1.2211043320187205,1.5397077296988704
7.279034870211691,91.72112608131633,24.782586342670147
2.7172030301486902,8.746728561377893,3.5520945573159732
0.31328604943783533,0.16796230659939365,1.481416117982373
4.27711884215658,24.307282553624248,8.133721788390725
3.2225489405599275,18.928374824338405,4.375514700363777
3.727258487197144,21.440183661294093,4.818354772787747
7.723880256878134,73.63142544116792,24.247784962794732
7.0279911617834046,55.03560298463673,24.93297119533672
1.6375043540988221,3.244270057603965,2.321879249574878
0.18945006038674994,0.050580148579180605,1.6156181561172265
9.287022945247173,157.78778117987184,55.620849775838735
8.722953058518364,124.87328741647767,37.01368642671735
5.603800312217146,52.598563815571154,11.81536025643177
8.444971233958258,98.94074232441943,40.12346027877324
2.3192120637128677,9.409876031763268,2.982288151601029
8.895782461907158,116.83318365960031,49.159316152223106
9.608050075551303,180.95777339255238,50.97361705799055
2.3404966379660177,5.747731787080865,3.1696977322576103
2.960823323244377,12.617876521103854,4.239967308496353
4.720187577009087,35.67428401458598,8.281114961622885
9.021418749356913,121.78340641986395,54.53239314284589
0.5498970355768096,0.32687210636216774,1.5641458009427047
4.456517612362395,36.40115877591031,8.608532441068482
9.103022490184348,149.9744160023236,56.21083871609341
8.636241009011176,137.3545378634789,45.11316582337148
1.8872102183837336,6.080896932229725,2.4125091875664593
5.12007042487717,29.80758570545524,11.857711173064283
3.846962801680042,15.586627492902952,5.1482363225376515
9.507385122647587,144.6621657466944,49.00536048475738
6.6764141271927855,52.337351274151104,22.13834625410982
5.740484846178746,61.377517848554355,11.995458320655741
3.9664454835929708,19.436368520414852,7.4575523352279225
6.953874082594725,65.99987999055293,17.465062823678995
8.934466252648813,127.15531329629368,42.94409288424648
1.022041962336443,1.501871124603561,1.7086848807306703
3.90210496230008,27.37743559903276,6.288089322238429
0.6524555268589405,0.7799174919795695,1.7620651899831785
0.17791316568744442,0.03863101912063062,1.5906607429198576
9.029944886378917,99.18663088572288,47.90794976089272
9.766444963489628,142.4811211207681,64.52385882580936
0.12746240393517239,0.03141879789570024,1.492788546802342
3.343729955622079,13.825529828946875,4.845092827637109
0.8502469567699755,1.2253267419432117,1.9470773934025416
1.3726495435814845,2.044652639556729,1.7461399933500168
2.0879839329306025,7.241416403250811,2.997680613244471
4.764460295341284,27.593279145641635,7.3909340503870675
6.02860030766347,50.107811214087214,12.641455684064885
7.704890754528084,107.76606536519404,24.979123577649144
4.918821373460947,34.188359864175716,10.430989408694415
7.33766459221361,80.21085858726005,25.650223509769088
8.55247864738013,94.21910146328644,46.01773264733246
5.951551233097268,63.61651031958286,16.53616027677117
0.3123061660081783,0.18916391561558676,1.3683123021019357
3.2468412484884155,17.237505126588996,5.544671575888748
3.4888886702112165,12.434149048134568,4.434962077636626
7.244598899908388,56.25281367735149,27.441160174689056
5.2227813860140415,39.718363365845924,9.876564897159364
4.026986929048921,24.23524147278793,6.856377024572362
8.194666348701995,119.8274082238057,34.87760239646461
8.619994734432682,113.98300439583493,43.25288102658489
8.00763264157949,103.56002625311123,31.040241370941477
0.9492862047986594,1.4864596672055288,2.006480071596165
5.982178790345066,61.26132127761305,11.805176281784956
0.6135354104920498,0.663463291230785,1.472595742750949
1.3948384916265566,2.5170451864188172,2.5534612656630378
5.366379343061697,50.756941443820445,10.010833025726757
1.0932616319711697,1.9250128013897214,2.117375950619668
2.1773513083034404,5.071514126192978,3.4548387495178994
6.571856778081272,72.00944638944856,15.901751070181653
7.9425711081157,97.68749539570433,28.21917150833352
4.534477503148246,27.68262443368417,8.887321894492754
1.2497603738087704,2.515179902043429,2.2905082742523617
9.868623904223568,187.54845089759064,62.40303662828596
9.500625122820068,161.74359345022305,60.55401588871436
2.45818901308001,8.86003513486803,2.820896948620164
3.487230710556398,20.55627432074992,4.14296136483212
8.44290237380655,108.47190502718642,43.89653328222382
2.260694942226481,8.032552426608337,3.369386034601088
6.499318257128466,58.90247771886144,16.598066683359196
1.6129886250181857,2.617348159883178,2.1940171028863427
3.3143109907155885,16.362939918510378,4.104940901164345
3.128491906907419,15.270777087890991,3.8213589033869497
4.166117433431791,24.223514726969352,7.4920684742029335
3.2366159479366874,18.883358459724803,3.7298312378571787
0.6591300446131176,0.5835355250329889,1.3951479611525486
9.422999303551189,97.99891656518244,62.445710693107515
8.993990243570183,86.68966716312121,48.85904197667785
2.464820512079183,9.654094294768344,2.7533189857281033
4.676222271980814,39.49913082915603,6.82821995314698
6.269917425781063,46.27407265475395,13.838705488466822
9.606364818342964,154.24899421562935,51.88609805246372
2.956413401289174,15.476382661048762,3.734839296729658
0.4338248677733214,0.24221009473972932,1.7593459438815249
5.110127798242932,27.9894780860776,10.458762818291062
8.702570909117961,111.68297270311052,38.992469724161055
3.1735149233658455,12.687876550947054,4.313018549528826
2.2443703092998746,9.883527204526192,3.5552206410188165
6.773123485112194,79.80079481146885,19.94938000627009
5.15260076914525,42.121691216106896,11.67553417612864
4.864866708780018,41.03022226171597,8.332443812269247
1.2130419557584737,1.7738620714655873,2.276877404977429
7.567490123901407,60.76037110363236,25.67758876792779
8.140866133176635,102.87053445491924,36.287196600845576
4.6102459676711245,39.76657545979868,8.737054012530741
0.9233419404797749,1.042330151833949,2.0374674068072802
9.139771130385771,160.68139735388695,43.234489078795704
6.588478277565692,51.89720212695475,14.93616963458844
8.875264206398267,101.26536105615821,46.68107727726548
7.7283631657383225,89.69951987972014,31.7117956186126
8.341434183270318,104.1049186322507,42.161042606865294
6.349178226240991,79.15818814472668,13.839761514229872
0.05950672740935081,0.0038116405399638053,1.0281253327599325
1.517982412293234,2.757803914930712,1.876006161678488
6.694708238934972,77.86701875869039,16.42532279127928
4.808277134437764,29.369112130701364,10.406375535127669
0.8608012676684496,1.4472882846572277,2.0668030454291437
9.121080306790413,111.29416766727262,45.037128046718294
0.2962842753574735,0.11929705270772616,1.4529467681339414
4.529475093882413,36.016719529192855,8.55088738198005
2.272779676394836,6.561008559875071,3.227084849073669
4.208666561258907,22.94811365131314,7.7726381026904905
2.3835444196425337,9.445913538700564,3.3138261771675257
1.1840886847845866,2.138465082112877,1.9564614562385716
2.206469134927671,9.186979146514314,3.522360379652696
2.477401812641029,7.266672550711202,3.098046225497422
1.030462630715936,1.5079119361693285,2.250949770408928
7.431686126360071,95.40451036518547,25.23952467304985
3.610778675979849,15.083292235326736,6.390353492564277
1.7382749417698062,5.96719234881015,2.3091143413323914
8.585091910950311,89.64554750135704,34.730289418554726
8.347714307036838,82.87869150787935,35.87045382760276
0.7848200040624409,0.6547216168546481,1.401312934912421
3.09060018685015,18.46266070949444,5.045068553213089
7.202811642567078,85.49270145914971,22.466706131230772
7.949919384835349,99.40166834424046,32.558280377672205
1.7032156807933763,4.623366325378151,2.024180314273578
6.861426825353735,82.9754613804273,17.921024032980107
8.295099794640723,86.90607766813714,41.00500016730234
5.06314842789247,45.39875609326342,8.70188772218835
3.578072463262348,13.413204727926477,5.910126589017103
2.0902780167623414,5.252849419388275,2.673692758896782
8.350388021326987,126.04038859004109,37.67837615203459
9.706781461945448,151.07392194922454,57.15759596051717
4.3975524253791765,35.04501797226214,7.633916749329343
1.045405236826057,1.7788355871189763,1.8476664421192197
4.5157749331382915,35.39059205776377,7.323371777006792
1.9267446373957553,6.1233084788034695,2.431058431318158
3.193154173685533,13.260879079828763,4.972476521184547
6.4708500762875705,59.173179917548296,15.695091819090498
2.150225038559727,6.256588184539838,3.5080714663146395
3.040708811634294,12.551496141098223,4.098672524003237
1.5470906040374122,4.363307426560575,2.2499108549590354
9.873366925399385,146.4040239911251,78.93528114977089
5.835518315182069,64.4146441832653,11.652617727141672
7.292437700744053,53.22926943359185,28.755734905976436
8.018846743522932,100.18621307003387,29.202908399662878
9.319479004855266,107.87946535965581,56.78161750163794
6.294933688470582,52.26156635208237,16.30142597362808
9.009864071235299,153.6022046077381,45.00032751122215
4.684076133330858,31.6040261608788,7.304412163914596
9.40100719407219,100.68687557257135,66.50921365682045
3.842672865692587,17.745089745201785,6.139079650527356
3.9555630518020135,19.652116528040565,6.53865467694767
0.07655164488643562,0.00723472041601056,1.1233324265457103
5.032435765864197,26.10184984976719,8.96920047328102
9.84797854856969,109.5245275973005,66.42116770169567
1.7753931177434001,6.256644992326892,2.0578746431392196
7.234119889272559,66.57349214265096,20.626429120432768
4.374639851899685,35.54887993682561,6.030561661384832
8.785388182010959,85.25270623372731,42.1287819871584
7.138474686260484,75.62596871020578,18.622938046427606
0.6472580959620433,0.6117034899729237,1.4137753865258555
1.8121914327022226,5.9252169949441935,2.745052476270692
1.7234245534677062,3.362693599822602,2.5064364892144018
6.598908832553468,79.50995286552734,14.941219652653409
1.4402333028825531,2.1837002312883116,2.456145741348335
5.4018607982837885,41.0484651804223,10.802297176301515
9.71617410952187,141.8357800441519,70.54530523771032
3.887719980735609,17.381308283656548,5.84498192629498
2.8029486366576384,12.652775563953885,3.585023055604345
3.3654920452911643,12.298739464883502,5.170198468392141
6.481608224376011,78.248108591931,19.74494158021719
3.3467146091479827,15.465491834043126,5.682338823894835
0.6507266008407753,0.7336618644610943,1.6088714614340505
2.090806121033848,7.921524498481289,3.0805302032859907
8.236353366465263,68.96277334028399,29.76313671370693
3.0532430583933277,10.463047099177155,4.368245836812723
1.3039263680012736,1.938852806242936,1.9576697317646023
6.04104585498877,48.12096550171885,15.23341503770251
7.197010613490784,98.65713424920001,26.757664928809138
8.035500262162332,97.80003088367421,28.692005919252594
8.249817514144075,89.56077627461505,31.55987238650286
4.718683934524059,36.41062060657556,9.446296645789685
9.41857792978887,107.07368779981672,57.77250299843203
7.609795183068737,114.15189670531961,23.68018313611472
2.099107295764895,6.324316270007187,2.3686962026439646
6.663897680415564,61.3206233860591,15.717560280587556
6.64245984410114,86.11741849792554,19.79066620163637
2.739977036576219,10.68920828718974,3.765890332754798
2.431680657358408,10.089064022837125,3.5776747285758943
6.382924711458338,47.96089294652383,14.331500153282015
2.5851045687056375,13.10699266539645,3.4430817808598637
0.31157650242765733,0.16259622032527707,1.314478410195626
0.5826013205568426,0.4975453899025428,1.3403826600204174
5.138005750048338,29.409794661824854,9.242495520949614
8.473528053586044,121.53563028755799,46.25042052875565
4.140096294436633,25.10340466309586,7.384387648171573
5.3504080139632135,47.46277053472788,9.291003568811174
0.5171356712806618,0.2684854694583387,1.382940885903631
7.495607691634353,83.93589405947306,26.876623340059663
1.9524876241524936,5.1118763272041985,2.448694366718082
6.16782370606521,68.83099588959465,15.808459016889875
0.9324673831049735,0.9698533745125647,2.049764011117608
5.238356627102128,52.18135898192356,12.536244581564596
4.121019934289103,32.881503819079036,5.897249352770357
1.2193805475003883,1.5455556449706471,2.4106557723662823
2.947192700080228,13.74247184046115,3.541564761396098
4.484140215449592,31.6071219212769,6.468114396699911
9.068867319260825,130.88145919066537,59.00111613076875
3.081872252719559,16.58906069686333,4.949513622870228
8.149556129062345,102.77909184476364,32.08383274765483
0.36586211407492963,0.1560101733701811,1.348459179723841
5.974232793054423,45.42170362265743,13.742453241770495
9.659048388580073,103.06100372859177,71.71709066015785
1.7186002503216624,4.492114303697046,2.851351437440566
9.705090555904773,139.825800227583,74.88027356826633
3.0664423224656225,10.265196904554015,4.54491479994857
8.426344377308629,77.93911857458771,30.492889931491035
8.289192243775652,110.01598365677759,42.15388130760279
8.300205433608868,88.07990157249517,30.135935396162576
4.658875713630333,27.304636108856077,9.431646895923715
9.507160570297078,144.0536201155484,63.953566703119584
8.740454177442192,126.45377512006755,47.54432031112856
8.226700465391312,132.3570270505017,31.378715158188175
4.1759958967774296,31.659232325053118,7.231042357015175
4.271818260081247,23.070856502852163,7.7749100510884315
7.905516692706879,65.46129645611718,27.611727444138484
8.793586390646634,95.484860189635,46.64580284743239
6.17390691566662,65.48535279656252,15.617005603975187
7.315404076775325,78.40268217696985,21.222719728289125
6.246389881536004,53.35040577980919,15.04662694207655
5.616029111957936,48.710950552108756,11.462612943000012
2.15982206536156,6.266460194984309,2.921407220911467
2.7674695443257544,15.281792305653267,4.28851305652137
7.307390389668324,60.45762945852178,26.156675898551075
8.248962203841517,80.21614980707592,30.399384145945312
9.841651256382548,179.6426014500571,72.54160600753919
8.998620392108265,101.78313141764731,38.98072953411806
9.52035000263625,100.46466404704434,60.608986203378485
8.671806858222123,123.54183419222466,38.402938176865625
4.347507444307962,34.208138991774156,6.617227486136598
5.953148350927667,41.034027741408785,11.959215885601997
0.952714835270404,1.2489628734057816,1.9977096869110296
8.041415026524126,85.15165674090153,27.967603790725118
7.769657385658954,120.70196892546016,33.434162696200424
7.3668267756487165,71.03146678971486,26.323687713019368
3.326754006741127,12.089353127214588,4.453080968374362
4.154342973263513,25.946840077984366,6.860931342023071
0.13041551667011375,0.023612657055909488,1.1641115751993822
8.736941669275076,129.63972340408347,47.76646223167784
3.6109755775692767,16.50327424901876,6.3112717822925735
4.574951631825147,27.732961048922512,7.33502622228139
0.5111665559653233,0.4920918184199118,1.8108879196960752
7.631719313275754,85.14038672613287,27.906138340103443
7.016312298698853,88.43110938913044,24.73729410894598
0.38736052835600776,0.16126677588263683,1.5388349058033033
9.531421404051226,147.05119117960623,51.87355331985321
4.937663251250432,37.005236677889364,7.612149241749285
5.4281821873378835,51.427447040834956,12.298658489090668
6.445440935449556,55.074702888636,15.771295871136678
7.343708610661082,66.6139741292651,26.316586421245383
5.689740170436048,54.853548051913066,12.227733222906599
5.928347637215239,50.88531629511761,16.466634475501035
5.58914967160128,58.28814059881115,13.77967330656438
9.130164515221583,121.12350945836938,48.34145385427317
5.786666413939688,49.4411057117093,15.167370094622417
9.730309952765623,140.17777123678601,70.26864705349617
1.2968955240646851,2.678016570473688,2.0785085868239728
9.270585671624426,146.57730968498856,62.207060255596616
8.19286220554385,130.51703125460335,30.696289573455495
0.46124926512862596,0.34889978029450736,1.3375272461996244
1.7389428697470577,3.639516598671604,2.9552387097107387
8.161608126589165,84.53751814508907,36.18360545714376
3.2936607968455722,13.427750814274296,5.10079063266061
3.4857020600879,20.33319688043534,6.163868461969585
3.1109919536017214,18.38140994882079,3.7110206705426787
0.6609649471400247,0.8704106573884637,1.4456541397998548
8.011189347591255,105.80752375572551,34.35457232079896
9.902955757970886,166.82502159855065,68.91389154048348
5.375579486559095,35.1565027957178,9.06398274064766
7.316004992307711,58.831666066151584,21.384351757000516
6.7020762914143255,51.337579370485734,20.13138998513121
7.269725073864146,64.5789743347586,22.13222593199684
8.204004114609575,89.64650145529792,28.187342343648858
0.8772967803017395,0.9757807095180516,2.128387743345418
6.677880990613509,45.44858209443224,15.490258434885304
9.386309740345872,99.33846366718916,60.51038693654924
0.456736946409968,0.3334163274231481,1.2630888936556204
0.6363129807129297,0.4586008949105178,1.4362610886486142
6.905504545770494,61.801690506692154,19.599337643325907
1.8299134726846544,6.520415958535214,2.4844264749255656
6.890816969577691,75.0451435004386,19.668934207888448
7.10343342051385,78.03106950058671,23.4257842951082
4.452468419673843,25.407077520883643,7.334753317413557
3.2564815202318864,13.865740550785763,4.5107879031333225
1.6465479258472004,4.860451598845561,2.055405848227246
0.18690243310111265,0.06134129680939797,1.538364326108779
3.965260591199391,23.611013320019065,6.291668689477573
0.30545683446879024,0.1776756900561674,1.4447596170057775
1.523107778891799,2.7805635513597142,2.546856757430557
6.163996352760591,69.51420473655122,13.149238101849104
8.779904940115927,106.64618822393614,52.51552030642319
7.148662886121848,62.258625082433284,20.92798919925212
5.37444906027022,55.724669817067884,12.291125569073955
9.696266997079197,104.76550396513196,53.827417367723896
0.21250942760739688,0.08014455415923533,1.6238698874137136
0.023341836301913332,0.0009238631368750638,1.247113281625897
9.777303680569496,97.6835983452273,78.78441537321231
4.521431131716577,24.873209796989578,7.360717547793335
8.447806746842945,138.010548358579,43.88184922068135
5.013965570812909,39.434699533226365,8.98670612592302
2.965849518609631,13.457744401973223,3.6447282468762117
6.401339739505615,50.763983014867456,17.744976769433134
8.647633378521745,99.38931203307833,35.97998699737468
3.3741273397435156,16.655539829568866,5.121568609890227
7.373672465567599,78.09433285910843,22.683715934601306
4.263457957103204,23.25550447776913,6.35159354849357
0.024108035817217432,0.0006979640504661174,1.1014037938301788
6.625869271873983,84.71930017342936,21.838428822671546
2.985003760248779,14.48582407667389,4.106597639288009
6.102021280551723,69.04980036952757,15.869236156433729
5.07693616499769,29.730374257041557,10.03005481902135
2.0271739684356618,6.949108465697621,2.284079922883276
6.055866216085468,42.3903765516613,14.815996619452523
9.674844710287012,114.43757996347215,51.73094666727571
4.321503357043879,37.191185212810794,7.333786993906159
6.832162639149414,74.9194776553384,21.839473707158984
6.520496976666326,59.15522231864188,18.365074669184526
0.5461837743108333,0.5274583857518669,1.596980918950283
8.748295372322048,146.2015630500907,36.77172122197645
6.123384253475432,45.923223851681094,15.443663073173942
1.5654708685961283,2.6584768528431666,2.433839892880356
4.159432163615016,31.999402626008287,7.5635900204683155
0.5853219740604554,0.4516031985387531,1.8082537115163753
9.054586209977856,87.6022517324891,40.82564958201756
5.371194705805702,39.68637024885662,12.850812125753002
1.226150450046004,2.2349618925016688,1.8551436845011555
7.3850393533165,56.327314410119655,28.133845345614237
8.66779727593957,91.80875473660285,44.537224277599414
3.3020474543627287,12.845308847445237,4.421463703611157
9.817335855493086,150.54645186003015,63.205975163004894
6.673205832787318,46.97253970025769,20.77812549243317
0.8114604748668064,0.9171702563056322,1.4199372304437987
9.286054957015349,142.54563834658154,53.290315748985904
1.1439512534371554,1.5913760992647688,2.100161589389848
2.230099499849465,6.553246602575549,2.844936801955491
0.3285370731594839,0.13102075707846902,1.2295421497070003
6.60207844215601,53.891786186256425,16.24255275209194
9.847206086167224,126.92483172357088,60.217039788925376
2.0033243669644296,7.461900244424017,2.4565638651268595
2.293556049850536,9.558090976808368,3.4814297171035378
7.122279064809332,78.33408757289449,22.72271742651128
7.665033652741041,76.8900844214546,28.3770786349737
8.971183733187814,133.76981538333004,44.24559457395409
1.478164734985643,2.812348629476385,1.8686592876553385
2.8998166870683595,13.461050313094262,3.803290694971979
2.8913588781675017,8.40647655784899,4.401140612234219
1.7067090810316599,3.30100158540881,2.2278375611679175
5.681704823311065,60.5546892698801,12.71629939880633
1.5035830792059623,2.7257078380859214,2.110402142532232
3.0972766589980303,11.046071047414173,4.113739590096069
8.19343559757799,73.88013562688796,31.76408366378239
3.8728510546737285,23.623193133197113,5.028997759456568
5.010958475511764,44.30712363753904,8.244259484135297
8.052305845601463,106.85554194258204,33.56173052806697
0.8865570373969478,0.8094042743624891,1.7033973468492118
9.82849381718926,96.76069649671862,64.16978751623175
0.8223289018808744,0.7093910513737245,1.510232433740387
6.758912420426533,66.23818082392462,19.52045234774637
4.690444545006236,36.21124574303437,8.39887541972075
4.270665821820776,30.66333491676462,5.802212553878666
4.32759039075351,26.638019036782772,8.036702281442725
0.6490211830976578,0.4598065050789924,1.4345041090746522
4.2187789828963655,25.700432422014597,7.389317725893025
0.9778795508934945,1.3328144185704893,1.6150632512504186
5.56276705614146,45.7646690549989,11.912692121804717
8.422989458783928,102.7370474955911,35.53344025521376
5.741355948507993,37.42429953591709,12.269449659202191
7.664874740307268,107.5573131140002,25.50006901989073
4.294387899720851,30.45872248823866,7.32664780842088
8.890095020251815,100.62670849635343,41.9779821915345
7.2142787729137146,66.09149463408848,26.691033529657563
3.6008019306688563,16.678734840703413,4.373537348376253
8.220159117535331,107.52299629145016,41.124915406402344
3.920460318281754,21.532973841802207,5.78710971272168
0.5364085680204955,0.29909991439169853,1.3646322413290934
8.419140970070696,95.99461378234692,39.73964455296683
1.4741657402776331,3.1508826647348536,1.9707854310240542
0.3155680845962794,0.19181607421394758,1.4705892212752854
5.7142942002321595,60.31418234897513,11.01278669142172
0.05315658201638929,0.005477376546847423,1.1377319543498128
4.871998290923263,26.34704642003839,7.9742312653403395
3.1735008525889175,12.88239368421087,3.9583390153507523
1.7242502199112753,4.085027873563847,2.791647213414387
8.981280499670085,145.39545966514905,39.142380055119084
4.748300290251143,23.371914800180516,9.567063618858292
2.025288755254173,5.113841604953755,3.372667409359256
3.3651170360976224,16.325934198035903,4.395624539945572
9.683904504048389,110.17195724923059,62.62154753332117
9.890739528898894,129.26001675378666,71.72118528231462
9.188351869040925,165.41731446019065,47.05184206078973
2.829922838694341,11.800643450580715,3.20526449211884
2.221715801197941,8.424712856764705,3.112391590805151
5.7820719214881375,46.57352813867306,14.63965640587484
5.352635092053188,53.13826525925983,11.58050927242193
2.529080277241569,9.335020459944836,3.849270623433786
5.198618460948427,27.72181197830475,8.946627752030617
5.6559518486033475,46.63562290264531,11.885171537000014
5.393530008342021,45.36136855965047,11.1317031675751
9.863681799884363,104.43496972718494,59.70439474362124
5.364534612762269,29.711699546691786,10.615978636816592
9.699626883683043,125.65417679834331,71.32608884658282
0.7359132549668912,0.8216620106288554,1.725959916489557
4.253351215284663,25.136648140280325,8.083057779078283
2.3737067374647225,9.316726351283139,3.5408393252303743
9.221177018942507,140.1141586090815,48.31735438453508
6.780130861328891,51.00770604355219,22.01731111777271
0.18067222784011516,0.03438127383083567,1.1089599872596714
3.8847351708805244,27.610770246803426,5.376698301430441
3.04446869319818,9.965558568066479,3.5818533276559563
9.77118852372964,189.34116230596408,62.68462437589387
0.0499483298593939,0.003233801767004318,1.365503986689885
3.6093041507021537,25.2870409750358,4.898425677093146
3.405494146740533,20.095013718585403,5.73847516646509
4.998293614737341,48.524761306185404,9.522677754542563
9.86410909452346,152.55078161054433,72.94093948768284
6.669773164022821,81.4748405489724,20.745855496134148
5.4918685358652874,32.25038030609841,12.76978534564682
7.665594073874823,79.41516702575868,22.83267488682715
0.9810862119559682,1.730530764748331,1.6224719193671506
3.6569445034110295,17.76133362739683,6.1038157624976
9.952202386639396,108.95213720149634,81.63393033018897
7.164617094591743,59.724350633791566,19.56396745805787
4.813076681390363,36.911711878797746,10.532301863982678
5.313049440857079,29.16819887948295,9.068021238757574
6.281564205315262,59.1862520165637,16.711487900092493
2.0804401354896673,8.028272814641989,2.6577506872938588
1.7228086597512227,3.6531768651157757,2.4379218193277397
3.7204597584544787,19.87567606676863,6.270641310682969
8.33103208425627,78.52447492520001,31.919787041264335
7.908991531896149,80.97116132145337,29.954532579245743
9.280274472228394,92.53222028455781,43.243440206802816
1.0350896393719489,1.3051400017817563,1.8574914783524128
7.99420855476927,85.53832999597897,37.1948210154718
5.819566517460255,41.493396886554535,10.773066426104657
3.4063434819327574,14.933344426759662,4.476839025694696
8.26433445943414,131.6930501503484,35.941929829532455
3.5652956544789838,24.141036729468876,4.338526581225038
4.421660942774269,30.622744967913786,8.774317914327982
3.6336306574989097,24.649455617923103,4.904315915108864
8.781594482634084,129.52634015055253,36.7363618574792
2.58621850061574,7.3452505890489554,2.866495943948207
3.878900812266146,20.293113510278083,6.5088263923817
0.20801576976583358,0.05505969172524102,1.521262699182772
3.9721447598552375,17.433449318857956,6.04105885631294
1.8714967080019085,5.399584679880359,2.196690872085202
6.848483373718997,84.66389012305686,20.163733092913446
9.598138890353075,162.45392498227685,52.38695487811539
9.70570949577475,102.37242551107877,51.19410069004686
2.8824658479284726,9.795869855519031,4.566716701895829
5.204972498408606,46.32334987969925,11.129198065289929
4.785933584906273,31.100864071256982,10.270069099842972
1.4374293377082037,3.3096854911806943,2.0986179725659397
9.499276537140155,176.96687553645276,50.746379321751014
4.463435343374975,32.494597328098095,6.396654990919971
4.799014803178138,29.445399696702626,7.417758546153309
3.969036995797266,30.71369797331248,7.484437702805485
2.6761000848389305,9.905678253870144,4.211149522877064
3.3089756060749664,15.214125491099624,4.573881229771882
6.097859133254597,62.173299363555294,12.357312378777323
7.464708115014076,81.27173788341011,22.31052240690634
5.040647174015688,43.36197278487927,8.411839310877918
3.161976982139664,13.174469223830725,4.094335163735169
1.5182573305152103,4.4103496959666995,2.0571817156219887
1.3216513955816767,2.6241205113710144,2.2155124682274367
7.719961727201756,108.85546195325942,31.466811716729545
9.200467152159211,126.59002796075492,44.00533147147175
3.7357307702684475,14.265823900126215,6.810398579273348
6.135196563941035,58.00195863143555,13.181196610569701
4.143660024841612,19.97340269219761,8.011183670737179
0.20571136287530822,0.060584732391525724,1.3745213246923764
0.32728032030450493,0.16819879637533725,1.4326725444121018
1.9339562917674702,5.317768521716688,3.10959841604976
3.4165053253767805,19.809227030355718,5.035064507730964
1.0376081339008159,1.1603733346373928,1.8224519384452365
2.6076955816531875,7.989950510924657,3.33092711502849
5.467747401424134,41.42004483094663,9.265415617783585
7.059522475795355,82.75657980250733,20.54244614686132
0.9660002991200178,1.625149782916018,1.6968382682053869
9.842404396879603,124.23887420594947,60.87984550639011
9.576533338668456,136.38497130095126,68.05132383393723
9.656420436641206,128.5776404740257,68.05802533207057
3.982128162347154,23.410742988687378,6.591909211919743
8.419534887966257,97.69939681470923,30.445795084199247
0.05460729391849717,0.0034517429892613493,1.4807744654496124
5.528057771785266,37.683599359547564,13.884677723150915
6.5983474513392695,80.92959284497239,19.337635983462263
9.812313315493164,129.4041940988027,54.659940854293325
1.0110855448938627,1.0321384841084904,1.6263440723597526
2.2293096130152765,8.780032018144066,2.9564477801692783
9.648840049897055,118.91224549767104,53.31684475784248
0.6078627895949062,0.5021328524247316,1.8707419730194736
5.66483316380006,49.898088509695,12.345144996147857
5.832089009214734,51.245176392910906,11.64845100126334
0.4991505824313658,0.2750294449848115,1.8251641316768938
2.28304074869763,5.546812356305366,3.564381590760451
9.250055348041696,156.56365558446524,47.14141440683786
3.215361337362277,15.784588982472414,4.148997540109318
7.563613792272231,79.02194447537626,25.987221537879176
3.6910944666973555,26.856258451162343,6.695059609374177
6.921021641702001,61.92025722821244,24.769301092703795
3.501423184573821,22.818898637471264,5.4947207638197915
4.3477760242335295,34.79425206954581,7.643556875251722
5.525042834867524,58.87424586765259,11.222508669340662
4.020502619537667,22.418456726550044,6.722042927273995
8.46666966186234,114.33239684551366,42.59507888975167
9.911774650869443,117.19067735695396,81.10062427390312
5.194532352570049,40.595865029724415,11.853880121277406
2.351927480634509,8.442460283299846,2.6950701094219625
9.179736366792742,126.1601159333206,50.45232462975335
0.7358875355938965,0.8126115768993333,1.3949639351688634
8.110465742393417,102.75986319456435,35.450871586407864
0.32067617153336503,0.17556993414655284,1.2309692521079705
4.357760958529201,37.833694124641724,5.987068119790778
2.5840355001684467,7.520170825965799,3.298817531384294
3.685642940814182,14.651268058162934,6.203302473607778
6.85887589289059,78.643290018412,17.138886315391055
8.54447959371769,108.98353625439454,34.532825986073554
6.2696510056828565,55.819195137109624,13.903094221290154
5.955291095071931,48.22850811183185,13.399913579296443
2.4901185100272483,9.02549558046256,3.967867580151981
5.903775759502951,68.5693017051625,13.835368038604622
1.8949954075764974,5.988556054143975,2.659593341559383
0.3653268743885085,0.2533925456062337,1.3945341242905778
3.796029030065423,24.898947111405636,6.070375493001611
1.965598785957191,6.245929227702175,2.5307738033434517
2.6551521408795553,10.77041650541158,3.554489467573494
2.015510131835873,4.791792485414106,2.515227177512909
5.852871390478676,60.19715459316774,13.142080684610077
9.22516509262439,167.8762014453035,43.04041164679915
0.5385050957718129,0.35386599875323954,1.5054375702817802
0.024826760104577072,0.0008236840623441971,1.2415407593794676
5.28968161910689,40.04582999258591,12.461380332222584
8.72598159437885,121.59722203222721,37.60020608329614
1.6839895738398314,4.843977996427723,2.4272306865615914
3.733094585798211,21.01048785383839,5.8912508596820965
3.825128683704244,15.653727854638433,4.8655222158977205
2.5194531400151154,10.02925282302128,2.7849482105469696
5.101554780101823,48.51610922335583,9.363953539673098
3.3281614981191963,22.1116051653666,5.411915098538324
7.490872647005649,102.42752544166157,26.61890212246157
9.623246599596278,140.11784107488472,73.17852103055303
7.6320861061575425,99.81000460591702,25.012636033668098
0.5750077641921914,0.6547691150483816,1.5657628297291648
6.4357191696900715,77.6174594349171,18.274154387285602
5.788124454168475,48.22528764671463,12.158650980734189
9.192642103407815,130.42192270820487,58.74769124353003
4.412205220847665,35.64296153275561,6.036959431249471
0.39836808098116183,0.19940436235945996,1.415108045136861
1.1003396622262152,1.7295848846235733,1.866945572742178
2.737242795227143,14.575273986857013,3.2406106593378157
1.2047888331372703,2.1884061521557867,2.1185846242185553
8.733815460817064,99.8178868193757,40.125214799276925
1.4509350221931006,2.6502793341786917,1.8366564406836912
7.375898332605054,72.16064468563579,24.07788821411646
5.693359227384626,53.991278891658176,10.360219205443041
5.303140467150657,43.350343126653016,8.615007722031107
2.8635327168085967,9.183075504406826,3.3523321981573946
4.369534712018082,36.66335245540977,6.049454571603084
8.37794190265079,121.65156705525176,37.48793879083554
9.926239140790914,107.45527951566,77.65661617042096
8.665364535043448,94.2676090750007,35.06892336246611
4.177444961718397,27.64583057183589,7.0250278122180525
8.267785269064266,134.1037806898495,41.419401616339854
1.5848440049576917,4.83097031146471,2.3667639630073243
7.910127772947804,118.45053825392218,34.06821796663358
9.807607517939275,184.26900099616026,70.70902506239385
8.854986758060013,90.98033667292182,44.83806138214798
0.18125645865111228,0.04611086149133331,1.591765740189785
9.102220652477516,151.56231499662186,44.11451981193939
7.102716423180628,93.34290883291249,17.944532806383087
6.877858289291537,79.74056086149508,20.191835380892766
3.483173975573272,13.929977470410277,5.40635380428825
5.165404943274252,35.36088515162033,8.728433109726456
8.671943120940801,104.55527022952468,42.71816832985485
3.491844898741372,15.67790758471956,5.0427930321641705
4.562907369299456,39.30628931811538,7.697143441220305
6.057962874274616,58.7618858172572,16.42130961644078
3.527143512953297,20.09695016246965,4.450268464568321
8.547577665363503,142.20237716800096,43.56244109050518
0.8214649363352122,0.8058158468570461,1.6131423525330446
9.16814254799666,116.25593029589757,53.50097633687941
0.5876237818615648,0.6516415786623366,1.3037473739952894
0.6736625883646585,0.760720843456126,1.7724722773708699
3.360426691240166,20.041146619139507,4.252946920251503
3.2284194618696525,17.519070065705275,3.961301854886672
7.383407403017608,75.37347963189173,20.15049368359961
5.545261012526039,47.69568801362534,12.819708907555656
8.092643832463855,110.3297070064325,36.329841630283724
3.96332089950153,29.520597493065328,5.5807163485823255
3.3665233795848195,18.73819731985468,4.2503705735813755
5.226196161918826,45.09759357574441,10.771212826075864
1.3632640037357846,2.252748617933423,2.1407478250904077
3.5829823707123554,22.888719745700655,6.224637834549545
1.684301332983933,2.888944765380226,2.6192543951968448
1.1451566498251131,2.3184280400546755,2.319725540339437
9.445331701677489,159.6748567388999,61.43278129347876
6.353768656457724,74.7223021555811,15.022333982172277
5.279524051051327,42.60606226709108,12.284818274274826
3.745486448509745,25.47716810269561,5.973822733615246
5.510105883654861,36.470294495282616,10.331606910652473
9.3994523990788,117.68303647865066,50.244657019394495
5.462237984194408,41.9411214562729,11.739036980713793
5.847220700003065,44.54368986126631,15.548376485763999
8.192887718011995,107.2514965959556,33.14840677429299
7.584438908290174,81.8579106507741,26.498173629785274
5.4101618614828,55.05606873602409,10.705532959366748
3.1959213719289856,10.527565913350125,5.027705777003419
0.6740710149994189,0.8140302796614556,1.7613777288044343
4.189579547565695,30.492414611253206,6.189933438985537
0.3505285004034553,0.22652301086577445,1.3980335699138406
8.595634171433629,89.16573484256894,37.073342826663065
2.7526655489611684,10.29358259289044,4.35619447841175
2.647626507591554,7.384461257331166,3.4123325676935656
7.99705429899015,64.89625274632854,31.541789171812407
9.59994151271047,167.86166294069386,60.51687666585736
9.396759818890711,166.2878540972771,52.503045446324606
7.79576114129049,100.22310866759271,34.232397559659276
3.314392411116407,11.459650635856331,5.238750698553972
9.930279982449052,113.29458744766501,62.19381977811991
6.55689535689986,61.357439456737225,16.58154768890502
2.3351173988444196,8.138150935094458,2.6647991754062623
2.9861490531481794,16.22161142644508,3.775866704185105
1.2705144380520061,2.2793594508575796,1.8867109632186192
0.14741568451307363,0.024999090417266154,1.2635983479329966
3.782140873338522,23.658211689446134,6.205613452598231
6.000903827253682,47.85142274802558,16.402699613283815
2.8363757421181255,10.636127225093697,4.427046428246148
3.119667170790532,10.1145593736544,3.827405672602009
1.2404659926577544,2.609963042630772,2.1126905577458372
0.18708674245553558,0.05491039497275919,1.2930856068814287
1.0887747532906267,1.5197834787490367,1.6047766940004426
8.645713710540214,126.50566009610114,46.633019431727455
1.2390585977685908,2.4975113955780452,2.4095981565208806
8.03835302485006,81.59589475388367,28.297954126160878
2.5005288840947983,9.537791985872966,4.100584348458253
2.0288146345807254,7.327522854548986,2.54875034805113
3.0142235446129484,11.680532084467202,4.086089215323037
2.2854211962098026,10.427220009434867,2.6988237859064874
8.431995574550378,134.31781607003668,39.27309136820532
5.449055221286628,57.800109831000164,9.51945156336839
4.6375592623790896,32.93780727421953,9.275472197283836
0.34019781243892266,0.21490478348402467,1.6237943498381353
9.34833544996948,158.5843091616308,57.60666338942099
2.7395930913340374,9.293264274919936,4.544297020555837
9.545169372394081,97.06230973960984,52.400690771480114
0.810440759204285,0.7698192287443291,1.958626804303729
2.7582987739970988,14.775536770823676,4.114732771096944
1.4035395451205757,2.5529575258414927,2.2872177229765294
7.460076197625937,101.00355663405918,22.413195889892133
2.952998325844222,14.397850750537735,4.920508147663497
8.464795565679342,82.9858777482322,37.77893863237961
1.0024992219610618,1.7933237802719304,1.9769867269625467
6.481370099300713,83.62557844106804,16.721306593483668
1.053593311817913,2.0875452784765995,1.7540705745245084
4.823851108267865,34.802850962107144,7.140554087910136
4.243008729562023,22.118998532505366,5.8180385997479505
2.4599912112990188,8.068507059979895,3.7044843694083287
0.9177400323465368,1.004763504926347,1.5034213860223018
3.020980903131557,12.41373946623422,4.70674911894454
5.9506345439762285,40.90670233407916,14.6512490640677
1.3213884964495315,2.9563110890026745,1.975109988779759
8.923653903534271,126.36948675466917,51.965438459120506
7.658927825690267,99.48681530451938,28.556887296163872
8.27583087524099,111.56336288590238,30.0243892023651
7.902147260979403,73.59429769267601,32.17951436304536
2.3653666249274496,10.407044825970228,3.2289106541767394
3.9734928383162673,20.449252269172003,5.555613168079481
2.341282545840011,7.19618216929675,3.0902490347703933
1.8735325577497364,5.46434617986729,2.422956276161341
5.496017624992659,59.4171441018901,9.642541115208374
6.596860672047224,79.57007363725369,17.677272464179065
3.1728452765276707,11.35960266127937,3.7112251167574613
4.078425470797651,18.215282026258155,6.955869695385901
0.8670348175451681,0.8430490477319302,1.730483365586873
4.096933746690836,27.277133416019918,6.008240860120483
3.669521509923117,14.252688898975698,5.108466496596379
1.6381970218412567,4.428196480320873,2.4058047025250504
4.555662503091341,32.558799398745236,6.7819013717409815
9.420352879682635,127.55798035540788,56.00678510323435
8.787809203473445,135.79214758981348,41.81735690052032
0.5443110618521529,0.41469704486996156,1.2956772575414248
8.20114182643412,127.19542698966883,29.854028193228036
3.531471758117619,15.391698079181149,5.0085236331245415
9.867831006591024,189.64483695206957,77.80308424773638
6.496132317155912,48.75993171988609,16.165902125813464
4.832090031322633,45.43067621697054,10.02169876575851
8.444956551522871,82.19457233036043,36.23543897694672
8.56016120510586,87.60071559269493,40.239625012911794
6.653160481384919,49.76306226350337,21.00745081295519
8.751786689142364,141.3481992655772,46.50052390128168
3.66983053648159,17.1801132745996,5.928191420842296
5.696438389048253,35.01786498555849,14.185105881710506
5.941982287279515,39.838666116466655,12.330734563423338
7.214133693068328,60.22972806153142,19.180535741083826
2.5567197382102846,9.840745481334546,4.121579747892501
4.439202434978521,28.68000740935144,8.008578331693219
0.13217581807397627,0.029775551425001465,1.3740655894453944
1.1498534907490332,1.4305499057430264,2.301762509628953
3.43181814953043,22.78677440693792,4.336042347921722
6.135577288011328,65.66909722580223,12.772280686994666
1.751368192393029,4.3074050853168995,2.9062037402511844
0.04658099581340447,0.0024943835524263306,1.3387090490584204
9.10995732895582,157.42783418100137,43.68519553191006
0.7890578269069948,0.6795102453877,1.5853811062020777
3.852867515033055,24.39125635464671,7.095284845229675
7.492422039405059,76.46180883641266,23.037769558064575
2.0711488050861537,5.567563015718005,2.3230713976011943
4.876199975889711,46.070246010413534,9.650935715548265
0.06439706873040518,0.006043447778935909,1.3702708459989128
3.293622080401377,19.97813383222872,5.428791948668384
8.209319573284308,104.08383221034813,29.235701515119988
3.443349687917421,22.00278638096508,5.27055195744408
9.696974600525456,117.89041607895952,74.50563751814467
1.1179981762486557,1.6596361324526936,1.5764796405654864
1.8150863306542298,6.478298281947057,2.1851582940956784
5.223916073870822,46.834499248354646,12.155339619754422
9.219330080104626,164.47305836204953,44.59911281372289
5.022440782640234,41.07869502831169,11.269128109957554
6.069483176346161,44.726632400657266,11.925727845645945
7.210010092329178,101.83233670176061,25.53095480021559
2.6098443616346945,11.043945565917593,3.8978369533532287
5.549222216111768,46.93302478476116,13.115626900415483
3.1230473316428764,14.629790400774073,3.9002075127055904
7.26927543834638,56.133048955437324,25.789045400066872
4.945720724597891,42.38068993606619,8.483344772764356
5.730944437740862,64.89919081761762,13.165231160894596
1.6130121658963803,4.75929520975431,2.8593135427362157
2.931479779691367,9.62697903267178,4.4529404781147734
5.4289438640678656,34.4220675254069,12.511455909457329
9.896890165207367,131.7213757382802,65.34860793094639
2.969306967049299,10.755078076148429,3.4644746281346666
6.45639854312877,70.73054900911454,20.04289955565066
6.7870698135790475,58.12482165720698,23.057851634465628
0.10057012110918695,0.012378920590157182,1.0992462597389554
9.488418603697923,109.65534251718333,56.4624626803273
1.2200527628507973,1.5866869969722739,1.6434930538331336
7.752976182640773,83.85407388277163,23.74104965985116
2.250786086723325,6.114858975984901,2.856096378280786
9.509526834911334,172.6693560862211,59.117074111507996
0.8338914103515505,1.141856564812515,1.8847861189626147
8.060944747763552,104.92674359365826,34.02439131091473
8.61222910605926,117.8713883050624,45.6642187693605
3.8125638071983903,14.93273924546146,5.4700628163903975
7.779320196393175,79.01768230672263,23.645855285500918
5.938853871018164,60.711333798525345,14.393461853540883
4.539873497185301,37.677471911297374,8.583284655054287
2.5394349948729844,7.772160065624902,3.1813545623178556
5.586979960825154,56.91932820330176,12.007697481526998
0.08676215353626393,0.009728390282654426,1.515128113755979
7.735773216859268,85.54262512901366,26.096567092147275
1.1978017172431887,2.580372927278061,2.0158616789648405
7.440400500583514,56.12351840303018,24.228865920860606
7.3702032626592215,68.5561388445762,22.758828361114336
7.431023514646336,94.27395091547716,30.439839339757178
5.598514404070568,44.98207323717875,14.191259554992065
1.87814653722582,4.734506312679417,2.573138386822888
0.8403512311606876,0.8471135006450227,1.8649834051276324
1.8148409845054936,4.527286425882783,3.0753651716875963
5.080825978173914,26.756862159343385,10.013060735735813
7.145439469465921,97.87027093658061,20.104331408552635
3.8521476508535155,17.120282371806184,5.696307333329827
0.616153969841462,0.7176199323724102,1.7359570180901753
8.688458984522246,129.59570762853818,41.884382364658514
3.0746344465448394,10.229953623320128,4.084606769109833
2.3074669836640282,7.727518639106477,3.49815528443186
7.306937040773569,90.43714870112797,20.914917242728073
5.611168259392418,55.83967054132499,12.551117390427258
7.047933254529085,62.79526642701989,24.532973748542204
8.904303511388822,154.00337476388123,53.13248635509573
5.957849324606079,35.60209617735911,15.097841201638804
4.578115143566914,32.97758225057381,7.13259453131652
7.368952855870709,91.72427828220557,20.983364356794866
0.3231621395778983,0.20070992928930956,1.3739810686998075
7.486278689540102,104.988492693713,21.600374409056933
5.2563578484098095,41.30609096266175,11.634097533028662
2.8001210215926307,15.355347580408642,3.538979849546616
7.578937054346726,113.18627012545684,28.426533979980547
2.4662584243867993,10.467458181112022,3.4666006916224714
7.530529466856177,80.80216459019515,24.55167005251322
2.1229546057556794,8.361515155599612,3.282149025749997
3.332740236035503,17.629131435421968,5.341368215659132
7.049853280025918,69.63935498870917,18.20963806197254
1.3782664595015715,2.2279449475372637,2.204076500381126
7.191340210129486,54.33012236110089,24.38958305898233
1.8251632176443056,5.6668889910733045,3.0167643154103514
5.893531217901499,53.632899171496376,12.637875951250374
1.291758142863515,2.0993776267831312,1.7321850005103008
8.021832153139922,119.64355581459237,34.0123253218476
4.232809678059578,25.076741859621368,6.218540449387656
7.748226062893221,87.12856675833281,33.61150760601797
9.22744531992313,93.08524509198226,56.00365578371229
9.738358131671811,183.28430711193613,72.75437199021714
9.173803083567936,163.9912654895791,61.09419025241281
7.182544336241243,76.65538191871933,18.7470884851042
3.544959586319659,19.276543439215736,4.566128780134813
8.587259907272095,108.83793298452932,40.66211786682157
8.604766254507629,107.78225385135859,39.679254919339236
1.7867513878860797,4.442797604448907,2.1627624459006056
7.82493669446303,98.37543884678598,26.15732663738539
0.9403036860114478,1.394863352534485,1.8106236707382948
1.672018465248748,5.187805934778183,2.8385413134747206
5.903437170402861,59.95035655643148,13.194592315228684
4.433589952955996,31.83756607640439,8.181144252183572
4.420877889341691,35.25893476601658,8.405268844600414
8.698687172898605,113.80123507206005,47.797998509799555
5.660156910860529,45.712869380831506,10.764421722858867
1.1071585709399212,1.2964854283418723,1.9952670505447518
7.031452337291768,76.0088236226233,25.4026349322615
0.7290159759674752,0.987559017684204,1.5647337344623617
1.3765155107095883,2.915687270786395,2.0129602984852832
8.68570034973918,124.3540359409624,39.929903282261044
7.060146331983531,80.26123276642836,25.52560654105556
7.982537482334914,80.42328722787218,30.22327106868498
2.1249144748313853,5.811003095821819,3.338815477098933
1.041037906936103,1.7017790401334447,1.7182318155815317
7.533220245048509,58.504750815234665,21.267243332875097
3.372306464029192,21.274363885059238,4.327128117938362
6.5845305945542085,70.69808949466207,20.48114835233843
6.8209983383879464,82.19424794682308,19.751691303771214
3.712826708585885,20.537037781940953,5.3433975135712855
5.318368936896198,56.45068930613745,10.240150628356607
9.468664539236297,92.53253546873992,49.83024162200547
7.564902138730477,110.48810477947991,22.691792306078607
2.012866442309933,7.645330523409583,2.9181786262854374
9.799080762508169,158.43328532351114,53.57913282465515
0.3086205679135223,0.18498033473807607,1.309712307143885
1.13116950297391,1.3461024617407258,1.9945427328357999
1.4722367473447528,3.601476020474529,1.9762763734252808
9.851473221695123,164.43345862224382,65.5014480437521
6.507358675356171,56.69051966021728,15.075268299437496
0.037936631852640845,0.0023699614380863565,1.1427539814827223
6.920394395629242,87.89672090858396,21.0528140704297
1.1212389580589166,2.356517256809446,2.237844249881743
4.824186808208271,28.45687755098072,8.372942010201015
3.079686368087302,10.819926782984952,5.003180100754948
2.476368460171834,10.648050484213648,2.9535577263550787
2.33510615259355,8.805187767592463,2.8095970930189647
5.608438146204982,57.886758366945806,11.834542078180782
8.947925095037094,94.7720990399218,43.41039314499119
7.060163812184898,79.92764480816858,17.73531895120979
1.2904105185807813,3.185887498241679,2.0723758231398617
9.366906932710414,162.28556587793037,58.182263422111646
0.2854746299302535,0.11553206492824108,1.1932244812168267
9.42289298626863,163.41930810541447,58.29361553470165
9.020144971461836,102.8423635535141,39.7622033791418
2.173742345940802,9.036591054405623,3.1419469460365796
3.734018811706241,22.3459641555332,5.3527044569703275
4.91290847025517,46.53410045915706,8.386004281038183
7.979073463870574,81.16580278581668,32.359102252336264
1.7396382496204088,3.6484992869638884,2.193232416915953
5.1392542245372494,50.349290961989155,8.806059856743152
9.313908138048689,170.7971736146762,44.59314997578822
3.2120162657706897,19.83661722874001,4.432390386258508
8.151035478960843,82.51735152997347,32.3612612661928
0.6808795867512318,0.7100343308888714,1.4043616545546398
6.052001088134365,60.479661121304005,15.76798847745742
6.648011417155476,50.718824668529564,18.148553981726888
7.887079109583328,76.87539663154178,27.30765062587544
3.2388182158580205,15.290149535636477,3.9483249535246276
7.518203338514508,58.25425728595365,31.58869341211399
4.27416796623027,33.82772591616908,5.73055568043851
2.602979398813906,7.783363632877609,3.0639129003337735
5.380948792493876,34.410448845282986,9.825804059188876
7.1500731123599675,99.60118682906943,24.1274260483722
3.34957908279668,21.509289030387208,4.754205172369818
6.221266810388394,75.1578482698571,17.327804615236346
1.9039279241717422,4.220400682582218,2.6448128104952295
5.759924182221338,44.57051432749268,15.376542652193729
0.2866524811940918,0.1598556516311248,1.3038913853688008
3.682842637774857,18.009783248881924,4.562189332678132
1.2444536633482717,1.7249536253282862,2.0848553665093195
6.987776915468671,58.33323348077216,19.545888474183496
7.0922626998417595,65.85999892703008,19.71497740609013
8.115340455979146,96.71767325251187,34.490586322786
5.458391840251635,36.225407552897195,10.418817896893048
6.974993561477173,96.61844587421777,21.041235759697805
0.9391525598513739,1.5607253057528947,1.4700527668767591
9.02835344735759,95.41420407599205,47.22352059410476
9.994084313450786,134.4942985929987,82.7508984095272
8.396534411922946,73.82401870490222,32.34672892776414
7.016237727127591,65.99553391801085,21.168716765900445
3.2870081672696716,19.156060519206296,5.492674494186329
3.376136689115686,15.786508482308172,5.143250347620453
4.322181535252686,21.945290739898113,6.592002587470302
0.809307340562756,0.8271188740537471,1.4576180743540783
1.0769007707237677,1.4168403785699797,2.049245820536179
3.533032993524311,13.5918436995554,6.2397623454465805
3.9234248831495053,21.453560426734576,6.163611869558679
2.3650480757673153,6.111245096829933,2.611124364306127
4.332454225920764,36.777556367158624,6.849981798654904
9.826764515627337,154.2913132797884,77.30095404907537
5.300523388023088,38.31920837630503,9.550909113874544
9.375241664494727,109.07224241712576,56.24439863186892
2.7270149249488105,9.571971935682653,4.028008414144802
8.888858891132243,152.0336901950834,42.98526756027535
9.304497367204583,104.10649308262961,57.62130400596556
7.80885985883703,67.62601540803993,26.745308773605114
1.2659152804150664,2.5405948690115787,1.6968933646916187
8.247902060416886,130.5936859412096,30.61293062524853
1.2867383073697425,2.6621556620699804,1.8829669044271775
2.4421940858658306,10.914188690031787,3.689021392685413
9.090611710256137,116.76989233918387,43.52140146502444
9.31386084608752,162.15288812882608,54.289899934747524
1.391163702697481,2.9201184035137486,2.2322517738170853
9.148908084684253,97.72371927065792,42.249876784665254
4.887755700721591,35.50463121887241,9.164255890448898
8.372986011187916,102.7452839605882,41.71084821996589
6.834482274380477,91.43248353698398,20.257453594330535
1.9657590234970512,5.177647620122154,2.927729248534679
2.595128495210961,10.135235388734952,3.1620584429660714
7.875821890512319,84.30841888238733,25.68945324744199
5.434591982789769,44.61626573476923,10.228475275363191
9.281490324418924,125.59244122239717,55.82966493852352
4.642262488664535,32.98792725084646,7.842441372761068
3.1185462556349677,11.9390130375835,4.143976527976246
8.926019541757185,140.56225889080815,47.875727116498375
5.41125362734423,54.47946855561412,10.268303344198227
4.353825417263362,25.277363868814316,6.8240165463416504
1.3964310442997285,3.6769664402506703,1.9227651802999182
1.6614487914576503,3.4402957946577803,2.419365833347091
7.603031915411327,81.12840145136862,24.13648030032976
2.8831613356676744,11.917369433210117,4.426818315891522
7.106450127134148,63.611963660354085,26.290439069746043
0.7588676598310418,0.7719244996505633,2.0380849182217196
1.91956983640865,5.56218309160666,2.822250346479397
8.24606501887883,135.1327517037744,38.91660195311439
4.109238581640657,30.34246354659221,5.593625236212081
2.146385330976035,5.856745450344277,3.5399352407374685
2.632206927819226,6.959064027529595,3.5917461814546314
8.839665965043787,84.01858707892399,48.252717872860636
6.904465654487994,80.26408591405077,23.740798086635458
4.231812842621665,34.1074305428697,5.90896788737013
0.9880004206979143,1.3806427754507102,1.5991035968184626
8.591936270546313,83.41286627549972,39.42014467475552
2.349841189464078,10.125490452287405,3.699484465542748
9.720134364363751,135.42850599612066,70.55692810122788
7.396528273032848,58.934709518844954,23.23801079449413
4.723996677697006,40.77230704291175,8.338360022106336
2.273415426687162,6.610219135440679,3.0861919676781353
7.15678560137164,84.88170625937701,20.930455574921684
